year,portfolio_return,spy_return,excess_return,win_rate,n_months,auc,precision_at_topn,precision_at_10,spearman_corr,bottom_decile_rate
2018,0.09787373935906096,-0.09463705924284538,0.19251079860190634,0.5454545454545454,11,0.6251843687754395,0.55,0.23684210526315788,-0.021249642188483575,0.06491228070175438
2019,0.22957480623715454,0.22573380441741842,0.003841001819736123,0.2727272727272727,11,0.6511140326784715,0.3,0.23211169284467714,-0.013288825590992466,0.055846422338568937
2020,0.25408734221267326,0.15906793789886065,0.09501940431381262,0.5454545454545454,11,0.7232051829525488,0.6,0.30517241379310345,0.2277412272552675,0.032758620689655175
2021,0.23536435576114378,0.2866538204588087,-0.05128946469766493,0.36363636363636365,11,0.6568800566854663,0.15,0.22393162393162394,0.013929182416421276,0.05811965811965812
2022,-0.16932705847983087,-0.1456051680152498,-0.023721890464581064,0.45454545454545453,11,0.6619821976096615,0.15,0.2516891891891892,0.0044718725586746985,0.04054054054054054
2023,0.22420574712023522,0.16804690860275118,0.056158838517484044,0.6363636363636364,11,0.7124475372065509,0.45,0.2504201680672269,0.10032056699430457,0.025210084033613446
2024,0.17455455944428322,0.21042379067572647,-0.035869231231443255,0.36363636363636365,11,0.6454210852713178,0.15,0.21943048576214405,-0.03391166849007816,0.05695142378559464
2025,0.09626600148474918,0.04627815695299686,0.04998784453175231,0.8333333333333334,6,0.7512106949191976,0.6,0.3514285714285714,0.19294784581025545,0.03142857142857143
