year,portfolio_return,spy_return,excess_return,win_rate,n_months,auc,precision_at_topn,precision_at_10,spearman_corr,bottom_decile_rate
2018,-0.11784646876619831,-0.09463676473379112,-0.023209704032407186,0.45454545454545453,11,0.6005858415730094,0.3,0.13646055437100213,-0.03877035434941135,0.04477611940298507
2019,0.40431106998264377,0.22573377613711676,0.178577293845527,0.6363636363636364,11,0.6452466104409096,0.25,0.20082815734989648,-0.007870754093339927,0.035196687370600416
2020,0.4083186491084363,0.15906804034488253,0.24925060876355376,0.7272727272727273,11,0.6704127067592047,0.45,0.20512820512820512,0.1020765356605339,0.027613412228796843
2021,0.5072975754781806,0.28665432815834535,0.2206432473198352,0.7272727272727273,11,0.6346588056311563,0.35,0.1835564053537285,0.0006576668069698624,0.02676864244741874
2022,-0.3114338893890427,-0.14560515767476234,-0.16582873171428036,0.2727272727272727,11,0.6501986275718235,0.3,0.23234200743494424,0.024724782386277035,0.01858736059479554
2023,0.3779864409373992,0.16804699860539962,0.20993944233199957,0.5454545454545454,11,0.6297537126463906,0.4,0.1945945945945946,0.0036794944508784693,0.03783783783783784
2024,0.17286167582436351,0.21042384100050926,-0.037562165176145745,0.5454545454545454,11,0.6638081848953331,0.15,0.17513134851138354,-0.01050211274092139,0.03152364273204904
2025,0.26174152133393314,0.12803786506086468,0.13370365627306846,0.75,8,0.6964286756475039,0.35,0.22850678733031674,0.09832713522392773,0.024886877828054297
